Nom de l'objet ou du geste,kg CO2e,Thématique,ID,URL
Baguette tradition,0.7767000000000001,Alimentation,baguette,https://impactco2.fr/outils/alimentation/baguette
Beurre,7.91333,Alimentation,beurre,https://impactco2.fr/outils/alimentation/beurre
Blé,1.2262635,Alimentation,ble,https://impactco2.fr/outils/alimentation/ble
Boeuf,28.009169999999997,Alimentation,boeuf,https://impactco2.fr/outils/alimentation/boeuf
Bonbons gélifiés,1.4869,Alimentation,bonbons,https://impactco2.fr/outils/alimentation/bonbons
Boulgour,0.9499000000000001,Alimentation,boulgour,https://impactco2.fr/outils/alimentation/boulgour
Brownie au chocolat,8.3569,Alimentation,brownie,https://impactco2.fr/outils/alimentation/brownie
Burger au poulet,4.3614,Alimentation,burgerpoulet,https://impactco2.fr/outils/alimentation/burgerpoulet
Burger végétarien,2.7075,Alimentation,burgervegetarien,https://impactco2.fr/outils/alimentation/burgervegetarien
Cabillaud (cru),12.0864877,Alimentation,cabillaud,https://impactco2.fr/outils/alimentation/cabillaud
Canard,8.0609,Alimentation,canard,https://impactco2.fr/outils/alimentation/canard
Chausson aux pommes,2.0441000000000003,Alimentation,chaussonauxpommes,https://impactco2.fr/outils/alimentation/chaussonauxpommes
Cheeseburger,18.833399999999997,Alimentation,cheeseburger,https://impactco2.fr/outils/alimentation/cheeseburger
Cookie au pépites de chocolat,6.272900000000001,Alimentation,cookie,https://impactco2.fr/outils/alimentation/cookie
Crevettes,20.345228,Alimentation,crevettes,https://impactco2.fr/outils/alimentation/crevettes
Croissant au beurre,2.9431000000000003,Alimentation,croissant,https://impactco2.fr/outils/alimentation/croissant
Dorade royale,11.1914877,Alimentation,dorade,https://impactco2.fr/outils/alimentation/dorade
Fêta (brebis),6.30563,Alimentation,feta,https://impactco2.fr/outils/alimentation/feta
Frites (friteuse),1.4569999999999999,Alimentation,frites,https://impactco2.fr/outils/alimentation/frites
Fromage à pâte dure,6.27838,Alimentation,fromagedure,https://impactco2.fr/outils/alimentation/fromagedure
Fromage à pâte molle,5.144405000000001,Alimentation,fromagemolle,https://impactco2.fr/outils/alimentation/fromagemolle
Fromage blanc 0%,1.8096299999999998,Alimentation,fromageblanc,https://impactco2.fr/outils/alimentation/fromageblanc
Fromage bleu,6.164963333333335,Alimentation,fromagebleu,https://impactco2.fr/outils/alimentation/fromagebleu
Haricots rouges,0.858543,Alimentation,haricotsrouges,https://impactco2.fr/outils/alimentation/haricotsrouges
Huitres,5.328231000000001,Alimentation,huitres,https://impactco2.fr/outils/alimentation/huitres
Kebab,12.806530000000002,Alimentation,kebab,https://impactco2.fr/outils/alimentation/kebab
Lapin,5.782900000000001,Alimentation,lapin,https://impactco2.fr/outils/alimentation/lapin
"Lentilles (blondes, vertes, corail)",0.5815429999999999,Alimentation,lentilles,https://impactco2.fr/outils/alimentation/lentilles
Lieu jaune ou colin (cru),12.0864877,Alimentation,lieu,https://impactco2.fr/outils/alimentation/lieu
Madeleine,2.2434,Alimentation,madeleine,https://impactco2.fr/outils/alimentation/madeleine
Matière grasse végétale,2.58463,Alimentation,matieregrasse,https://impactco2.fr/outils/alimentation/matieregrasse
Moules,5.328231000000001,Alimentation,moules,https://impactco2.fr/outils/alimentation/moules
Mozarella,4.714629999999999,Alimentation,mozarella,https://impactco2.fr/outils/alimentation/mozarella
Oeufs,1.8780103000000001,Alimentation,oeuf,https://impactco2.fr/outils/alimentation/oeuf
Pain au chocolat ou chocolatine,5.7291,Alimentation,painauchocolat,https://impactco2.fr/outils/alimentation/painauchocolat
Pain aux raisins,2.5641,Alimentation,painauxraisins,https://impactco2.fr/outils/alimentation/painauxraisins
Pain de mie,1.5591000000000002,Alimentation,paindemie,https://impactco2.fr/outils/alimentation/paindemie
Pâte à tartiner à la noisette,9.1169,Alimentation,pateatartiner,https://impactco2.fr/outils/alimentation/pateatartiner
Pâtes (sèches),1.9795,Alimentation,pates,https://impactco2.fr/outils/alimentation/pates
Pizza quatre fromages,3.5994,Alimentation,pizza,https://impactco2.fr/outils/alimentation/pizza
Pois chiches,0.8985430000000001,Alimentation,poischiches,https://impactco2.fr/outils/alimentation/poischiches
Pomme de terre nouvelle,0.7062605000000001,Alimentation,pommedeterre,https://impactco2.fr/outils/alimentation/pommedeterre
Porc,6.671304949999999,Alimentation,porc,https://impactco2.fr/outils/alimentation/porc
Poulet,4.56043,Alimentation,poulet,https://impactco2.fr/outils/alimentation/poulet
Repas avec du boeuf,7.26,Alimentation,repasavecduboeuf,https://impactco2.fr/outils/alimentation/repasavecduboeuf
Repas avec du poisson blanc,1.98,Alimentation,repasavecdupoissonblanc,https://impactco2.fr/outils/alimentation/repasavecdupoissonblanc
Repas avec du poisson gras,1.11,Alimentation,repasavecdupoissongras,https://impactco2.fr/outils/alimentation/repasavecdupoissongras
Repas avec du poulet,1.58,Alimentation,repasavecdupoulet,https://impactco2.fr/outils/alimentation/repasavecdupoulet
Repas végétalien,0.39,Alimentation,repasvegetalien,https://impactco2.fr/outils/alimentation/repasvegetalien
Repas végétarien,0.51,Alimentation,repasvegetarien,https://impactco2.fr/outils/alimentation/repasvegetarien
Riz,2.01458575,Alimentation,riz,https://impactco2.fr/outils/alimentation/riz
Rocher au chocolat,10.521899999999999,Alimentation,boucheechocolat,https://impactco2.fr/outils/alimentation/boucheechocolat
Sardines,2.2764877,Alimentation,sardines,https://impactco2.fr/outils/alimentation/sardines
Saumon ou truite d'élevage (cru),5.55693,Alimentation,saumon,https://impactco2.fr/outils/alimentation/saumon
Sushis ou makis,2.6689999999999996,Alimentation,sushis,https://impactco2.fr/outils/alimentation/sushis
Thon (cru),4.98343,Alimentation,thon,https://impactco2.fr/outils/alimentation/thon
Tofu nature,1.0042999999999997,Alimentation,tofu,https://impactco2.fr/outils/alimentation/tofu
Veau,22.50465333333333,Alimentation,veau,https://impactco2.fr/outils/alimentation/veau
Yaourt nature ou yaourt à la grecque,1.8947299999999998,Alimentation,yaourt,https://impactco2.fr/outils/alimentation/yaourt
Bière,1.34703,Boisson,biere,https://impactco2.fr/outils/boisson/biere
Boisson au soja,0.4272,Boisson,soja,https://impactco2.fr/outils/boisson/soja
Café,0.635463,Boisson,cafe,https://impactco2.fr/outils/boisson/cafe
Eau du robinet,0.000132,Boisson,eaudurobinet,https://impactco2.fr/outils/boisson/eaudurobinet
Eau en bouteille,0.320735,Boisson,eauenbouteille,https://impactco2.fr/outils/boisson/eauenbouteille
Lait de vache,1.1505,Boisson,laitdevache,https://impactco2.fr/outils/boisson/laitdevache
Soda,0.49333000000000005,Boisson,soda,https://impactco2.fr/outils/boisson/soda
Thé,0.043587,Boisson,the,https://impactco2.fr/outils/boisson/the
Vin,1.2686300000000001,Boisson,vin,https://impactco2.fr/outils/boisson/vin
A/R Johannesburg-Paris d’une équipe de rugby,140000,Cas pratiques,avion-johannesburg-paris-rugby,https://impactco2.fr/outils/caspratiques/avion-johannesburg-paris-rugby
A/R Lille - Nîmes en voiture,410,Cas pratiques,voiture-lille-nimes,https://impactco2.fr/outils/caspratiques/voiture-lille-nimes
A/R Paris - Berlin en TGV,7.26,Cas pratiques,tgv-paris-berlin,https://impactco2.fr/outils/caspratiques/tgv-paris-berlin
A/R Paris - Marseille en TGV,4.4,Cas pratiques,tgv-paris-marseille,https://impactco2.fr/outils/caspratiques/tgv-paris-marseille
A/R Paris - New-York en avion,2060,Cas pratiques,avion-pny,https://impactco2.fr/outils/caspratiques/avion-pny
Année  d’émissions du chauffage domestique en France,43320025000,Cas pratiques,chauffageenfrance,https://impactco2.fr/outils/caspratiques/chauffageenfrance
Année d’émissions de l’aviation civile en France,4380000000,Cas pratiques,aviationcivileenfrance,https://impactco2.fr/outils/caspratiques/aviationcivileenfrance
Année d’émissions de la population en France,624000000000,Cas pratiques,populationfrancaise,https://impactco2.fr/outils/caspratiques/populationfrancaise
Année d’émissions des voitures particulières en France,70700135000,Cas pratiques,voiturefrancaisean,https://impactco2.fr/outils/caspratiques/voiturefrancaisean
Année d’émissions du numérique en France,29500000000,Cas pratiques,numeriqueenfrance,https://impactco2.fr/outils/caspratiques/numeriqueenfrance
Année d’émissions du parc bovin en France,38032000000,Cas pratiques,parcbovin,https://impactco2.fr/outils/caspratiques/parcbovin
Empreinte carbone d'un citoyen français,9100,Cas pratiques,francais,https://impactco2.fr/outils/caspratiques/francais
Game of Thrones en streaming,0.0317,Cas pratiques,game-of-thrones,https://impactco2.fr/outils/caspratiques/game-of-thrones
Heure de circulation des voitures particulières en France,8071000,Cas pratiques,voiturefrancaiseheure,https://impactco2.fr/outils/caspratiques/voiturefrancaiseheure
Intégrale de Friends en streaming,7.86,Cas pratiques,friends,https://impactco2.fr/outils/caspratiques/friends
Jour d’absorption de CO2e par les forêts et les prairies en France,151636000,Cas pratiques,foretenfrancejour,https://impactco2.fr/outils/caspratiques/foretenfrancejour
Jour d'activité agricole en France,216439000,Cas pratiques,agricoleenfrancejour,https://impactco2.fr/outils/caspratiques/agricoleenfrancejour
Jour d'utilisation des climatisations domestiques en France,3277000,Cas pratiques,climatisationenfrancejour,https://impactco2.fr/outils/caspratiques/climatisationenfrancejour
Jour d'utilisation du chauffage domestique en France,118685000,Cas pratiques,chauffageenfrancejour,https://impactco2.fr/outils/caspratiques/chauffageenfrancejour
Jour de circulation des trains en France,1178000,Cas pratiques,trainenfrancejour,https://impactco2.fr/outils/caspratiques/trainenfrancejour
Jour de circulation des voitures particulières en France,193699000,Cas pratiques,voiturefrancaisejour,https://impactco2.fr/outils/caspratiques/voiturefrancaisejour
Jour de fonctionnement d’un campus de data center en France,185000,Cas pratiques,datacenterjour,https://impactco2.fr/outils/caspratiques/datacenterjour
Jour de fonctionnement du numérique en France,80822000,Cas pratiques,numeriqueenfrancejour,https://impactco2.fr/outils/caspratiques/numeriqueenfrancejour
Jour de traitement des déchets et eaux usées domestiques,5178000,Cas pratiques,traitementdechetsjour,https://impactco2.fr/outils/caspratiques/traitementdechetsjour
Journée au ski,48.9,Cas pratiques,ski,https://impactco2.fr/outils/caspratiques/ski
Maison neuve,50000,Cas pratiques,maisonneuve,https://impactco2.fr/outils/caspratiques/maisonneuve
Marathon des films Harry Potter en streaming,0.63,Cas pratiques,harry-potter,https://impactco2.fr/outils/caspratiques/harry-potter
Nuit au camping,1.4,Cas pratiques,camping,https://impactco2.fr/outils/caspratiques/camping
Nuit dans un hôtel,4.3,Cas pratiques,hotel,https://impactco2.fr/outils/caspratiques/hotel
Nuit dans une location saisonnière,5.2,Cas pratiques,location,https://impactco2.fr/outils/caspratiques/location
Nuit dans une résidence secondaire,7,Cas pratiques,residencesecondaire,https://impactco2.fr/outils/caspratiques/residencesecondaire
Objectif citoyen pour 2050,2000,Cas pratiques,2050,https://impactco2.fr/outils/caspratiques/2050
Remplissage de piscine,7.54,Cas pratiques,piscine,https://impactco2.fr/outils/caspratiques/piscine
Tour de la terre en voiture,8704,Cas pratiques,terre-voiture,https://impactco2.fr/outils/caspratiques/terre-voiture
Chaudière à bûches,8.59152478057979,Chauffage,chaudiereabois,https://impactco2.fr/outils/chauffage/chaudiereabois
Chaudière à gaz,17.837078297821858,Chauffage,chauffagegaz,https://impactco2.fr/outils/chauffage/chauffagegaz
Chaudière à granulés,5.976712890838114,Chauffage,chaudiereagranule,https://impactco2.fr/outils/chauffage/chaudiereagranule
Chaudière au fioul,34.97117557474335,Chauffage,chauffagefioul,https://impactco2.fr/outils/chauffage/chauffagefioul
Chaudière ou convecteur électrique,2.40969157390629,Chauffage,chauffageelectrique,https://impactco2.fr/outils/chauffage/chauffageelectrique
Poêle à bûches,8.505622429730291,Chauffage,poeleabois,https://impactco2.fr/outils/chauffage/poeleabois
Poêle à granulés,5.91695473372542,Chauffage,poeleagranule,https://impactco2.fr/outils/chauffage/poeleagranule
Pompe à chaleur,1.6333840880841795,Chauffage,pompeachaleur,https://impactco2.fr/outils/chauffage/pompeachaleur
Réseau de chaleur,11.077353589467888,Chauffage,reseaudechaleur,https://impactco2.fr/outils/chauffage/reseaudechaleur
Aspirateur,73.43,Électroménager,aspirateur,https://impactco2.fr/outils/electromenager/aspirateur
Bouilloire,37.80339914,Électroménager,bouilloire,https://impactco2.fr/outils/electromenager/bouilloire
Cafetière à dosettes,237.95439,Électroménager,cafetieredosette,https://impactco2.fr/outils/electromenager/cafetieredosette
Cafetière expresso,212.25088599999998,Électroménager,cafetiereexpresso,https://impactco2.fr/outils/electromenager/cafetiereexpresso
Cafetière filtre,191.32567550000002,Électroménager,cafetierefiltre,https://impactco2.fr/outils/electromenager/cafetierefiltre
Climatiseur,421.747903,Électroménager,climatiseur,https://impactco2.fr/outils/electromenager/climatiseur
Four électrique,272.60739995999995,Électroménager,fourelectrique,https://impactco2.fr/outils/electromenager/fourelectrique
Lave-linge,513.42,Électroménager,lavelinge,https://impactco2.fr/outils/electromenager/lavelinge
Lave-vaisselle,460.79,Électroménager,lavevaisselle,https://impactco2.fr/outils/electromenager/lavevaisselle
Micro-ondes,121.35000000000001,Électroménager,microondes,https://impactco2.fr/outils/electromenager/microondes
Réfrigérateur,338.7140334,Électroménager,refrigirateur,https://impactco2.fr/outils/electromenager/refrigirateur
Abricot,1.451508,Fruits et légumes,abricot,https://impactco2.fr/outils/fruitsetlegumes/abricot
Ail,0.38349300000000003,Fruits et légumes,ail,https://impactco2.fr/outils/fruitsetlegumes/ail
Ananas,1.3614345,Fruits et légumes,ananas,https://impactco2.fr/outils/fruitsetlegumes/ananas
Artichaut,2.556166,Fruits et légumes,artichaut,https://impactco2.fr/outils/fruitsetlegumes/artichaut
Asperge,1.638878,Fruits et légumes,asperge,https://impactco2.fr/outils/fruitsetlegumes/asperge
Aubergine,0.47203700000000004,Fruits et légumes,aubergine,https://impactco2.fr/outils/fruitsetlegumes/aubergine
Avocat,1.5525229999999999,Fruits et légumes,avocat,https://impactco2.fr/outils/fruitsetlegumes/avocat
Banane,0.908523,Fruits et légumes,banane,https://impactco2.fr/outils/fruitsetlegumes/banane
Betterave,0.40736649999999996,Fruits et légumes,betterave,https://impactco2.fr/outils/fruitsetlegumes/betterave
Blette,0.5811,Fruits et légumes,blette,https://impactco2.fr/outils/fruitsetlegumes/blette
Brocoli,0.950705,Fruits et légumes,brocoli,https://impactco2.fr/outils/fruitsetlegumes/brocoli
Carambole,0.5535079999999999,Fruits et légumes,carambole,https://impactco2.fr/outils/fruitsetlegumes/carambole
Carotte,0.3960665,Fruits et légumes,carotte,https://impactco2.fr/outils/fruitsetlegumes/carotte
Cassis,1.903508,Fruits et légumes,cassis,https://impactco2.fr/outils/fruitsetlegumes/cassis
Céleri,0.7157324,Fruits et légumes,celeri,https://impactco2.fr/outils/fruitsetlegumes/celeri
Cerise,1.7445080000000002,Fruits et légumes,cerise,https://impactco2.fr/outils/fruitsetlegumes/cerise
Champignon (morille crue),6.175009000000001,Fruits et légumes,champignonmorille,https://impactco2.fr/outils/fruitsetlegumes/champignonmorille
Châtaigne,1.943945,Fruits et légumes,chataigne,https://impactco2.fr/outils/fruitsetlegumes/chataigne
Chou,0.8476329999999999,Fruits et légumes,chou,https://impactco2.fr/outils/fruitsetlegumes/chou
Chou de Bruxelles,0.562147,Fruits et légumes,choudebruxelles,https://impactco2.fr/outils/fruitsetlegumes/choudebruxelles
Chou-fleur,0.720705,Fruits et légumes,choufleur,https://impactco2.fr/outils/fruitsetlegumes/choufleur
Citron,0.7635958,Fruits et légumes,citron,https://impactco2.fr/outils/fruitsetlegumes/citron
Clémentine,1.3019120000000002,Fruits et légumes,clementine,https://impactco2.fr/outils/fruitsetlegumes/clementine
Coing,0.5615215,Fruits et légumes,coing,https://impactco2.fr/outils/fruitsetlegumes/coing
Concombre,0.5122949,Fruits et légumes,concombre,https://impactco2.fr/outils/fruitsetlegumes/concombre
Courge,0.6382000000000001,Fruits et légumes,courge,https://impactco2.fr/outils/fruitsetlegumes/courge
Courgette,0.4985070000000001,Fruits et légumes,courgette,https://impactco2.fr/outils/fruitsetlegumes/courgette
Cresson,0.868145,Fruits et légumes,cresson,https://impactco2.fr/outils/fruitsetlegumes/cresson
Datte,2.8927609999999997,Fruits et légumes,datte,https://impactco2.fr/outils/fruitsetlegumes/datte
Échalote,0.3935757,Fruits et légumes,echalote,https://impactco2.fr/outils/fruitsetlegumes/echalote
Endive,0.861009,Fruits et légumes,endive,https://impactco2.fr/outils/fruitsetlegumes/endive
Épinard,0.42256999999999995,Fruits et légumes,epinard,https://impactco2.fr/outils/fruitsetlegumes/epinard
Fenouil,1.018233,Fruits et légumes,fenouil,https://impactco2.fr/outils/fruitsetlegumes/fenouil
Figue,0.611508,Fruits et légumes,figue,https://impactco2.fr/outils/fruitsetlegumes/figue
Fraise,0.51107,Fruits et légumes,fraise,https://impactco2.fr/outils/fruitsetlegumes/fraise
Framboise,1.5430878,Fruits et légumes,framboise,https://impactco2.fr/outils/fruitsetlegumes/framboise
Fruit de la passion,0.937608,Fruits et légumes,fruitdelapassion,https://impactco2.fr/outils/fruitsetlegumes/fruitdelapassion
Grenade,0.4985215,Fruits et légumes,grenade,https://impactco2.fr/outils/fruitsetlegumes/grenade
Groseille,1.8945215,Fruits et légumes,groseille,https://impactco2.fr/outils/fruitsetlegumes/groseille
Haricot vert (cru),0.44645700000000005,Fruits et légumes,haricotvert,https://impactco2.fr/outils/fruitsetlegumes/haricotvert
Kaki,0.9495215,Fruits et légumes,kaki,https://impactco2.fr/outils/fruitsetlegumes/kaki
Kiwi,1.0015,Fruits et légumes,kiwi,https://impactco2.fr/outils/fruitsetlegumes/kiwi
Laitue,0.868145,Fruits et légumes,laitue,https://impactco2.fr/outils/fruitsetlegumes/laitue
Mâche,0.868145,Fruits et légumes,mache,https://impactco2.fr/outils/fruitsetlegumes/mache
Maïs,0.568793,Fruits et légumes,mais,https://impactco2.fr/outils/fruitsetlegumes/mais
Mandarine,0.4684038,Fruits et légumes,mandarine,https://impactco2.fr/outils/fruitsetlegumes/mandarine
Mangue (importée par avion),11.655508000000001,Fruits et légumes,mangue,https://impactco2.fr/outils/fruitsetlegumes/mangue
Mangue (importée par bateau),0.727508,Fruits et légumes,manguebateau,https://impactco2.fr/outils/fruitsetlegumes/manguebateau
Melon,0.978343,Fruits et légumes,melon,https://impactco2.fr/outils/fruitsetlegumes/melon
Mûre,1.2475079999999998,Fruits et légumes,mure,https://impactco2.fr/outils/fruitsetlegumes/mure
Myrtille,0.9215589,Fruits et légumes,myrtille,https://impactco2.fr/outils/fruitsetlegumes/myrtille
Navet,0.3961,Fruits et légumes,navet,https://impactco2.fr/outils/fruitsetlegumes/navet
Nectarine,0.613608,Fruits et légumes,nectarine,https://impactco2.fr/outils/fruitsetlegumes/nectarine
Noisette,4.8111999999999995,Fruits et légumes,noisette,https://impactco2.fr/outils/fruitsetlegumes/noisette
Noix,4.114,Fruits et légumes,noix,https://impactco2.fr/outils/fruitsetlegumes/noix
Noix de coco,2.4109410000000002,Fruits et légumes,noixdecoco,https://impactco2.fr/outils/fruitsetlegumes/noixdecoco
Oignon,0.4204685,Fruits et légumes,oignon,https://impactco2.fr/outils/fruitsetlegumes/oignon
Orange,0.6776838000000001,Fruits et légumes,orange,https://impactco2.fr/outils/fruitsetlegumes/orange
Pamplemousse,0.9255958,Fruits et légumes,pamplemousse,https://impactco2.fr/outils/fruitsetlegumes/pamplemousse
Panais,0.4942756,Fruits et légumes,panais,https://impactco2.fr/outils/fruitsetlegumes/panais
Pastèque,0.6805,Fruits et légumes,pasteque,https://impactco2.fr/outils/fruitsetlegumes/pasteque
Pêche,0.5905215,Fruits et légumes,peche,https://impactco2.fr/outils/fruitsetlegumes/peche
Petit pois,0.701761,Fruits et légumes,petitpois,https://impactco2.fr/outils/fruitsetlegumes/petitpois
Poire,0.387319,Fruits et légumes,poire,https://impactco2.fr/outils/fruitsetlegumes/poire
Poireau,0.6113778000000001,Fruits et légumes,poireau,https://impactco2.fr/outils/fruitsetlegumes/poireau
Poivron,0.7154,Fruits et légumes,poivron,https://impactco2.fr/outils/fruitsetlegumes/poivron
Pomme,0.40819489999999997,Fruits et légumes,pomme,https://impactco2.fr/outils/fruitsetlegumes/pomme
Potiron,0.6382329999999999,Fruits et légumes,potiron,https://impactco2.fr/outils/fruitsetlegumes/potiron
Prune,1.0345215,Fruits et légumes,prune,https://impactco2.fr/outils/fruitsetlegumes/prune
Radis,0.3847324,Fruits et légumes,radis,https://impactco2.fr/outils/fruitsetlegumes/radis
Raisin,0.5092949,Fruits et légumes,raisin,https://impactco2.fr/outils/fruitsetlegumes/raisin
Reine claude,1.043508,Fruits et légumes,reineclaude,https://impactco2.fr/outils/fruitsetlegumes/reineclaude
Rhubarbe,0.7015215,Fruits et légumes,rhubarbe,https://impactco2.fr/outils/fruitsetlegumes/rhubarbe
Salsifis,0.4942756,Fruits et légumes,salsifis,https://impactco2.fr/outils/fruitsetlegumes/salsifis
Tomate,0.6256,Fruits et légumes,tomate,https://impactco2.fr/outils/fruitsetlegumes/tomate
Topinambour,0.49126650000000005,Fruits et légumes,topinambour,https://impactco2.fr/outils/fruitsetlegumes/topinambour
Chemise en coton,13.23466182713826,Habillement,chemiseencoton,https://impactco2.fr/outils/habillement/chemiseencoton
Chemise en viscose,12.139796272777625,Habillement,chemiseenviscose,https://impactco2.fr/outils/habillement/chemiseenviscose
Jeans,25.08872880618721,Habillement,jeans,https://impactco2.fr/outils/habillement/jeans
Manteau,101.42051607966856,Habillement,manteau,https://impactco2.fr/outils/habillement/manteau
Paire de chaussures de sport,20.125551283507104,Habillement,chaussuresdesport,https://impactco2.fr/outils/habillement/chaussuresdesport
Paire de chaussures en cuir,14.954494546022259,Habillement,chaussuresencuir,https://impactco2.fr/outils/habillement/chaussuresencuir
Paire de chaussures en tissu,18.519884267564898,Habillement,chaussuresentissu,https://impactco2.fr/outils/habillement/chaussuresentissu
Polo,10.163529075648208,Habillement,polo,https://impactco2.fr/outils/habillement/polo
Pull en acrylique,28.96838102563544,Habillement,pullenacrylique,https://impactco2.fr/outils/habillement/pullenacrylique
Pull en coton recyclé,13.19278107847502,Habillement,pullencotonrecycle,https://impactco2.fr/outils/habillement/pullencotonrecycle
Pull en laine,56.69545613769189,Habillement,pullenlaine,https://impactco2.fr/outils/habillement/pullenlaine
Robe en coton,56.90736582785554,Habillement,robeencoton,https://impactco2.fr/outils/habillement/robeencoton
Robe en polyester,58.257205518739376,Habillement,robeenpolyester,https://impactco2.fr/outils/habillement/robeenpolyester
Robe en viscose,52.48152206560145,Habillement,robeenviscose,https://impactco2.fr/outils/habillement/robeenviscose
Sweat en coton,32.49278107847502,Habillement,sweatencoton,https://impactco2.fr/outils/habillement/sweatencoton
T-shirt en coton,6.433790554863734,Habillement,tshirtencoton,https://impactco2.fr/outils/habillement/tshirtencoton
T-shirt en polyester,6.211492878123854,Habillement,tshirtenpolyester,https://impactco2.fr/outils/habillement/tshirtenpolyester
Veste imperméable,41.14715954637288,Habillement,vesteimpermeable,https://impactco2.fr/outils/habillement/vesteimpermeable
Veste simili-cuir,26.825820363170223,Habillement,vestesimilicuir,https://impactco2.fr/outils/habillement/vestesimilicuir
"Achat en magasin (15km en voiture, colis d'1kg)",6.84,Livraison,magasin,https://impactco2.fr/outils/livraison/magasin
"Achat en magasin (15km en voiture, colis de 15kg)",13.47607,Livraison,magasin15kg,https://impactco2.fr/outils/livraison/magasin15kg
"Achat en magasin (15km en voiture, colis de 2kg)",7.3704,Livraison,magasin2kg,https://impactco2.fr/outils/livraison/magasin2kg
"Achat en magasin (15km en voiture, colis de 30kg)",20.4067,Livraison,magasin30kg,https://impactco2.fr/outils/livraison/magasin30kg
"Achat en magasin (à pied, colis d'1kg)",0.31,Livraison,magasindouce,https://impactco2.fr/outils/livraison/magasindouce
"Achat en magasin (à pied, colis de 15kg)",6.93607,Livraison,magasindouce15kg,https://impactco2.fr/outils/livraison/magasindouce15kg
"Achat en magasin (à pied, colis de 2kg)",0.8304,Livraison,magasindouce2kg,https://impactco2.fr/outils/livraison/magasindouce2kg
"Achat en magasin (à pied, colis de 30kg)",13.866700000000002,Livraison,magasindouce30kg,https://impactco2.fr/outils/livraison/magasindouce30kg
"Click & Collect (15km en voiture, colis d'1kg)",7.047,Livraison,clickcollect,https://impactco2.fr/outils/livraison/clickcollect
"Click & Collect (15km en voiture, colis de 15kg)",15.11313,Livraison,clickcollect15kg,https://impactco2.fr/outils/livraison/clickcollect15kg
"Click & Collect (15km en voiture, colis de 2kg)",7.723109999999999,Livraison,clickcollect2kg,https://impactco2.fr/outils/livraison/clickcollect2kg
"Click & Collect (15km en voiture, colis de 30kg)",23.00535,Livraison,clickcollect30kg,https://impactco2.fr/outils/livraison/clickcollect30kg
"Click & Collect (à pied, colis d'1kg)",0.517,Livraison,clickcollectdouce,https://impactco2.fr/outils/livraison/clickcollectdouce
"Click & Collect (à pied, colis de 15kg)",8.573129999999999,Livraison,clickcollectdouce15kg,https://impactco2.fr/outils/livraison/clickcollectdouce15kg
"Click & Collect (à pied, colis de 2kg)",1.1831099999999999,Livraison,clickcollectdouce2kg,https://impactco2.fr/outils/livraison/clickcollectdouce2kg
"Click & Collect (à pied, colis de 30kg)",16.465349999999997,Livraison,clickcollectdouce30kg,https://impactco2.fr/outils/livraison/clickcollectdouce30kg
Livraison à domicile (colis d'1kg),0.576,Livraison,livraisondomicile,https://impactco2.fr/outils/livraison/livraisondomicile
Livraison à domicile (colis de 15kg),7.15468,Livraison,livraisondomicile15kg,https://impactco2.fr/outils/livraison/livraisondomicile15kg
Livraison à domicile (colis de 2kg),1.07498,Livraison,livraisondomicile2kg,https://impactco2.fr/outils/livraison/livraisondomicile2kg
Livraison à domicile (colis de 30kg),13.62845,Livraison,livraisondomicile30kg,https://impactco2.fr/outils/livraison/livraisondomicile30kg
"Livraison en point de retrait (3,5km en voiture, colis d'1kg)",2.03,Livraison,pointrelais,https://impactco2.fr/outils/livraison/pointrelais
"Livraison en point de retrait (3,5km en voiture, colis de 15kg)",7.68476,Livraison,pointrelais15kg,https://impactco2.fr/outils/livraison/pointrelais15kg
"Livraison en point de retrait (3,5km en voiture, colis de 2kg)",2.46767,Livraison,pointrelais2kg,https://impactco2.fr/outils/livraison/pointrelais2kg
"Livraison en point de retrait (3,5km en voiture, colis de 30kg)",13.16261,Livraison,pointrelais30kg,https://impactco2.fr/outils/livraison/pointrelais30kg
"Livraison en point de retrait (à pied, colis d'1kg)",0.51,Livraison,pointrelaisdouce,https://impactco2.fr/outils/livraison/pointrelaisdouce
"Livraison en point de retrait (à pied, colis de 15kg)",6.15876,Livraison,pointrelaisdouce15kg,https://impactco2.fr/outils/livraison/pointrelaisdouce15kg
"Livraison en point de retrait (à pied, colis de 2kg)",0.94167,Livraison,pointrelaisdouce2kg,https://impactco2.fr/outils/livraison/pointrelaisdouce2kg
"Livraison en point de retrait (à pied, colis de 30kg)",11.636610000000001,Livraison,pointrelaisdouce30kg,https://impactco2.fr/outils/livraison/pointrelaisdouce30kg
Armoire,906.88,Mobilier,armoire,https://impactco2.fr/outils/mobilier/armoire
Canapé convertible,197.5,Mobilier,canapeconvertible,https://impactco2.fr/outils/mobilier/canapeconvertible
Canapé en textile,179.1,Mobilier,canapetextile,https://impactco2.fr/outils/mobilier/canapetextile
Chaise en bois,18.63,Mobilier,chaiseenbois,https://impactco2.fr/outils/mobilier/chaiseenbois
Lit,443.81000000000006,Mobilier,lit,https://impactco2.fr/outils/mobilier/lit
Table en bois,80.22,Mobilier,tableenbois,https://impactco2.fr/outils/mobilier/tableenbois
Alimentation externe pour ordinateur portable,4.192,Numérique,alimentationordinateur,https://impactco2.fr/outils/numerique/alimentationordinateur
Alimentation externe pour smartphone ou tablette,0.4153,Numérique,alimentationsmartphone,https://impactco2.fr/outils/numerique/alimentationsmartphone
Box,81.22576,Numérique,box,https://impactco2.fr/outils/numerique/box
Casque de réalité virtuelle,72.594435,Numérique,casquevr,https://impactco2.fr/outils/numerique/casquevr
Clef usb,5.217427,Numérique,clefusb,https://impactco2.fr/outils/numerique/clefusb
Disque dur externe,12.65774,Numérique,disquedur,https://impactco2.fr/outils/numerique/disquedur
Écran d'ordinateur,92.5722,Numérique,ecran,https://impactco2.fr/outils/numerique/ecran
Enceinte connectée,26.183049999999998,Numérique,enceintebluetooth,https://impactco2.fr/outils/numerique/enceintebluetooth
Ordinateur fixe sans écran (particulier),300.37508,Numérique,ordinateurfixeparticulier,https://impactco2.fr/outils/numerique/ordinateurfixeparticulier
Ordinateur fixe sans écran (professionnel),259.19762,Numérique,ordinateurfixeprofessionnel,https://impactco2.fr/outils/numerique/ordinateurfixeprofessionnel
Ordinateur portable,192.62004125,Numérique,ordinateurportable,https://impactco2.fr/outils/numerique/ordinateurportable
Smartphone,80.155643125,Numérique,smartphone,https://impactco2.fr/outils/numerique/smartphone
SSD externe,135.19041750000002,Numérique,ssd,https://impactco2.fr/outils/numerique/ssd
Tablette,87.135525,Numérique,tabletteclassique,https://impactco2.fr/outils/numerique/tabletteclassique
Téléphone basique,23.400000000000002,Numérique,telephonebasique,https://impactco2.fr/outils/numerique/telephonebasique
Télévision ,369.71186,Numérique,television,https://impactco2.fr/outils/numerique/television
Autocar thermique,0.03756,Transport,autocar,https://impactco2.fr/outils/transport/autocar
Avion trajet court,0.224572,Transport,avion-courtcourrier,https://impactco2.fr/outils/transport/avion-courtcourrier
Avion trajet long,0.177894,Transport,avion-longcourrier,https://impactco2.fr/outils/transport/avion-longcourrier
Avion trajet moyen,0.184661,Transport,avion-moyencourrier,https://impactco2.fr/outils/transport/avion-moyencourrier
Avion trajet moyen à long,0.166794,Transport,avion-moyenlongcourrier,https://impactco2.fr/outils/transport/avion-moyenlongcourrier
Bus (GNV),0.1217,Transport,busgnv,https://impactco2.fr/outils/transport/busgnv
Bus électrique,0.0217,Transport,buselectrique,https://impactco2.fr/outils/transport/buselectrique
Bus thermique,0.12242,Transport,busthermique,https://impactco2.fr/outils/transport/busthermique
Covoiturage électrique (1 passager),51.699999999999996,Transport,voitureelectrique+1,https://impactco2.fr/outils/transport/voitureelectrique+1
Covoiturage électrique (2 passagers),34.46666666666666,Transport,voitureelectrique+2,https://impactco2.fr/outils/transport/voitureelectrique+2
Covoiturage électrique (3 passagers),25.849999999999998,Transport,voitureelectrique+3,https://impactco2.fr/outils/transport/voitureelectrique+3
Covoiturage électrique (4 passagers),20.68,Transport,voitureelectrique+4,https://impactco2.fr/outils/transport/voitureelectrique+4
Covoiturage thermique (1 passager),108.80000000000001,Transport,voiturethermique+1,https://impactco2.fr/outils/transport/voiturethermique+1
Covoiturage thermique (2 passagers),72.53333333333335,Transport,voiturethermique+2,https://impactco2.fr/outils/transport/voiturethermique+2
Covoiturage thermique (3 passagers),54.400000000000006,Transport,voiturethermique+3,https://impactco2.fr/outils/transport/voiturethermique+3
Covoiturage thermique (4 passagers),43.52,Transport,voiturethermique+4,https://impactco2.fr/outils/transport/voiturethermique+4
Intercités,0.00898,Transport,intercites,https://impactco2.fr/outils/transport/intercites
Marche,0,Transport,marche,https://impactco2.fr/outils/transport/marche
Métro,0.0044399999999999995,Transport,metro,https://impactco2.fr/outils/transport/metro
Moto thermique,0.21669999999999998,Transport,moto,https://impactco2.fr/outils/transport/moto
RER ou Transilien,0.00978,Transport,rer,https://impactco2.fr/outils/transport/rer
Scooter ou moto légère thermique,0.0763,Transport,scooter,https://impactco2.fr/outils/transport/scooter
TER,0.02769,Transport,ter,https://impactco2.fr/outils/transport/ter
TGV,0.00293,Transport,tgv,https://impactco2.fr/outils/transport/tgv
Tramway,0.00428,Transport,tramway,https://impactco2.fr/outils/transport/tramway
Trottinette à assistance électrique,0.0249,Transport,trottinette,https://impactco2.fr/outils/transport/trottinette
Vélo à assistance électrique,0.010950000000000001,Transport,veloelectrique,https://impactco2.fr/outils/transport/veloelectrique
Vélo mécanique,0.00017,Transport,velo,https://impactco2.fr/outils/transport/velo
Voiture électrique,0.10339999999999999,Transport,voitureelectrique,https://impactco2.fr/outils/transport/voitureelectrique
Voiture thermique,0.21760000000000002,Transport,voiturethermique,https://impactco2.fr/outils/transport/voiturethermique
Email,0.00246181262,Usage numérique,email,https://impactco2.fr/outils/usagenumerique/email
Go de données (1 an de stockage dans le cloud),0.00023533417,Usage numérique,stockagedonnee,https://impactco2.fr/outils/usagenumerique/stockagedonnee
Go de données (téléchargement),0.00950468087,Usage numérique,telechargement,https://impactco2.fr/outils/usagenumerique/telechargement
Recherche sur le web,0.00123,Usage numérique,rechercheweb,https://impactco2.fr/outils/usagenumerique/rechercheweb
Spam,0.00373863698,Usage numérique,spam,https://impactco2.fr/outils/usagenumerique/spam
Streaming vidéo,0.06401675291000002,Usage numérique,streamingvideo,https://impactco2.fr/outils/usagenumerique/streamingvideo
Visioconférence,0.05706336546216,Usage numérique,visioconference,https://impactco2.fr/outils/usagenumerique/visioconference